INSERT INTO todos_role (id, name, add, edit, remove, "check") VALUES (1, 'doctor', true, true, true, true);
INSERT INTO todos_role (id, name, add, edit, remove, "check") VALUES (2, 'nurse', false, false, false, true);
INSERT INTO todos_role (id, name, add, edit, remove, "check") VALUES (3, 'patient', false, false, false, false);

INSERT INTO todos_users (id, first_name, last_name, login, password, role_id, is_active, is_doctor, is_staff, foto) VALUES (4, 'Elma', 'Harry', 'patient2', '1111', 3, true, false, false, 'fotos/282d1ba64e43854190124147f175b188.jpeg');
INSERT INTO todos_users (id, first_name, last_name, login, password, role_id, is_active, is_doctor, is_staff, foto) VALUES (5, 'Rick', 'Miller', 'patient3', '1111', 3, true, false, false, 'fotos/perello_ibarionex_e.jpg');
INSERT INTO todos_users (id, first_name, last_name, login, password, role_id, is_active, is_doctor, is_staff, foto) VALUES (7, 'Craig', 'Ozz', 'patient5', '1111', 3, true, false, false, 'fotos/FIFA1221-51x51.jpg');
INSERT INTO todos_users (id, first_name, last_name, login, password, role_id, is_active, is_doctor, is_staff, foto) VALUES (3, 'Leonardo', 'Vinci', 'patient1', '1111', 3, true, false, false, 'fotos/images-4.jpg');
INSERT INTO todos_users (id, first_name, last_name, login, password, role_id, is_active, is_doctor, is_staff, foto) VALUES (1, 'Otto', 'Bismark', 'doctor', '1111', 1, false, true, true, 'fotos/image_thumb_man6.png');
INSERT INTO todos_users (id, first_name, last_name, login, password, role_id, is_active, is_doctor, is_staff, foto) VALUES (2, 'Elizabeth', 'Mary', 'nurse', '1111', 2, false, false, true, 'fotos/picture-1766.jpg');
INSERT INTO todos_users (id, first_name, last_name, login, password, role_id, is_active, is_doctor, is_staff, foto) VALUES (6, 'Vilma', 'Graice', 'patient4', '1111', 3, true, false, false, 'fotos/smith_dori_e.jpg');
INSERT INTO todos_users (id, first_name, last_name, login, password, role_id, is_active, is_doctor, is_staff, foto) VALUES (8, 'Wilhelm', 'Adler', 'patient6', '1111', 3, true, false, false, 'fotos/845.thumbnail.jpg');
INSERT INTO todos_users (id, first_name, last_name, login, password, role_id, is_active, is_doctor, is_staff, foto) VALUES (9, 'Evan', 'Olister', 'patient7', '1111', 3, true, false, false, 'fotos/man.jpg');
INSERT INTO todos_users (id, first_name, last_name, login, password, role_id, is_active, is_doctor, is_staff, foto) VALUES (10, 'Liza', 'Shelon', 'patient8', '1111', 3, true, false, false, 'fotos/5d530c569a8536e33dfb9c0fb3300d17.jpeg');
INSERT INTO todos_users (id, first_name, last_name, login, password, role_id, is_active, is_doctor, is_staff, foto) VALUES (11, 'Marry', 'Summer', 'patient9', '1111', 3, true, false, false, 'fotos/87debccac4f47f3839bd6759e31998ad.jpeg');
INSERT INTO todos_users (id, first_name, last_name, login, password, role_id, is_active, is_doctor, is_staff, foto) VALUES (12, 'Samuel', 'Didi', 'patient10', '1111', 3, true, false, false, 'fotos/myqd1t3h_5bf4_0_51.jpg');

INSERT INTO todos_medicines (title) VALUES ('A.T.10');
INSERT INTO todos_medicines (title) VALUES ('Abaktal');
INSERT INTO todos_medicines (title) VALUES ('Avandia');
INSERT INTO todos_medicines (title) VALUES ('Avelox');
INSERT INTO todos_medicines (title) VALUES ('Avodart');
INSERT INTO todos_medicines (title) VALUES ('Avonex');
INSERT INTO todos_medicines (title) VALUES ('Adalat SL');
INSERT INTO todos_medicines (title) VALUES ('Advantan');
INSERT INTO todos_medicines (title) VALUES ('Adgelon');
INSERT INTO todos_medicines (title) VALUES ('Addamel N');
INSERT INTO todos_medicines (title) VALUES ('Adelphane-Esidrex');
INSERT INTO todos_medicines (title) VALUES ('Adivit');
INSERT INTO todos_medicines (title) VALUES ('Adolor');
INSERT INTO todos_medicines (title) VALUES ('Adrianol');
INSERT INTO todos_medicines (title) VALUES ('Azaran');
INSERT INTO todos_medicines (title) VALUES ('Azaphen');
INSERT INTO todos_medicines (title) VALUES ('Aziwok');
INSERT INTO todos_medicines (title) VALUES ('Azitral');
INSERT INTO todos_medicines (title) VALUES ('Azithrox');
INSERT INTO todos_medicines (title) VALUES ('Azithrus');
INSERT INTO todos_medicines (title) VALUES ('Bagomet');
INSERT INTO todos_medicines (title) VALUES ('Bagopril');
INSERT INTO todos_medicines (title) VALUES ('Bagothyrox');
INSERT INTO todos_medicines (title) VALUES ('Baclosan');
INSERT INTO todos_medicines (title) VALUES ('Bactisubtil');
INSERT INTO todos_medicines (title) VALUES ('Bactroban');
INSERT INTO todos_medicines (title) VALUES ('Baneocin');
INSERT INTO todos_medicines (title) VALUES ('Baralgin M');
INSERT INTO todos_medicines (title) VALUES ('Batrafen');
INSERT INTO todos_medicines (title) VALUES ('Becotide');
INSERT INTO todos_medicines (title) VALUES ('Belogent');
INSERT INTO todos_medicines (title) VALUES ('Beloderm');
INSERT INTO todos_medicines (title) VALUES ('Belosalic');
INSERT INTO todos_medicines (title) VALUES ('Belosalic Lotion');
INSERT INTO todos_medicines (title) VALUES ('Ben-Gay');
INSERT INTO todos_medicines (title) VALUES ('Ben-Gay Sport');
INSERT INTO todos_medicines (title) VALUES ('Benacort');
INSERT INTO todos_medicines (title) VALUES ('Benalgin');
INSERT INTO todos_medicines (title) VALUES ('Benarin');
INSERT INTO todos_medicines (title) VALUES ('Benzylbenzoate');
INSERT INTO todos_medicines (title) VALUES ('Vagothyl');
INSERT INTO todos_medicines (title) VALUES ('Vasaprostan');
INSERT INTO todos_medicines (title) VALUES ('Vasilip');
INSERT INTO todos_medicines (title) VALUES ('Vasobral');
INSERT INTO todos_medicines (title) VALUES ('Vasocardin');
INSERT INTO todos_medicines (title) VALUES ('Vasonit');
INSERT INTO todos_medicines (title) VALUES ('Vaqta');
INSERT INTO todos_medicines (title) VALUES ('Valtrex');
INSERT INTO todos_medicines (title) VALUES ('Valparin XR');
INSERT INTO todos_medicines (title) VALUES ('Vancocin');
INSERT INTO todos_medicines (title) VALUES ('Warfarex');
INSERT INTO todos_medicines (title) VALUES ('Warfarin Nycomed');
INSERT INTO todos_medicines (title) VALUES ('Vesicare');
INSERT INTO todos_medicines (title) VALUES ('Velaxin');
INSERT INTO todos_medicines (title) VALUES ('Velafax');
INSERT INTO todos_medicines (title) VALUES ('Velcade');
INSERT INTO todos_medicines (title) VALUES ('Vensa');
INSERT INTO todos_medicines (title) VALUES ('Venitan');
INSERT INTO todos_medicines (title) VALUES ('Venolife');
INSERT INTO todos_medicines (title) VALUES ('Venoruton');
INSERT INTO todos_medicines (title) VALUES ('Venter');
INSERT INTO todos_medicines (title) VALUES ('Gadovist');
INSERT INTO todos_medicines (title) VALUES ('Halazolin');
INSERT INTO todos_medicines (title) VALUES ('Halidor');
INSERT INTO todos_medicines (title) VALUES ('Haloperidol');
INSERT INTO todos_medicines (title) VALUES ('Haloperidol Forte');
INSERT INTO todos_medicines (title) VALUES ('Haloperidol-Akri');
INSERT INTO todos_medicines (title) VALUES ('Haloperidol-Ratiopharm');
INSERT INTO todos_medicines (title) VALUES ('Haloperidol Decanoate');
INSERT INTO todos_medicines (title) VALUES ('Galstena');
INSERT INTO todos_medicines (title) VALUES ('Gamimune N');
INSERT INTO todos_medicines (title) VALUES ('Gapentek');
INSERT INTO todos_medicines (title) VALUES ('Gastal');
INSERT INTO todos_medicines (title) VALUES ('Gastrozol');
INSERT INTO todos_medicines (title) VALUES ('Gastrosidin');
INSERT INTO todos_medicines (title) VALUES ('Gastropharm');
INSERT INTO todos_medicines (title) VALUES ('Gastrozepin');
INSERT INTO todos_medicines (title) VALUES ('Gewadal');
INSERT INTO todos_medicines (title) VALUES ('D-Panthenol');
INSERT INTO todos_medicines (title) VALUES ('Dazolic');
INSERT INTO todos_medicines (title) VALUES ('Daivobet');
INSERT INTO todos_medicines (title) VALUES ('Daivonex');
INSERT INTO todos_medicines (title) VALUES ('Dacarbazin Lachema');
INSERT INTO todos_medicines (title) VALUES ('Dalacin');
INSERT INTO todos_medicines (title) VALUES ('Dalfaz Retard');
INSERT INTO todos_medicines (title) VALUES ('Dalfaz SR');
INSERT INTO todos_medicines (title) VALUES ('Dapril');
INSERT INTO todos_medicines (title) VALUES ('De-Nol');
INSERT INTO todos_medicines (title) VALUES ('Decaris');
INSERT INTO todos_medicines (title) VALUES ('Dexa-Gentamicin');
INSERT INTO todos_medicines (title) VALUES ('Dexaven');
INSERT INTO todos_medicines (title) VALUES ('Dexalgin 25');
INSERT INTO todos_medicines (title) VALUES ('Dexamed');
INSERT INTO todos_medicines (title) VALUES ('Dexamethason');
INSERT INTO todos_medicines (title) VALUES ('Evra');
INSERT INTO todos_medicines (title) VALUES ('Jeanine');
INSERT INTO todos_medicines (title) VALUES ('Zavedos');
INSERT INTO todos_medicines (title) VALUES ('Zaditen');
INSERT INTO todos_medicines (title) VALUES ('Zalain');
INSERT INTO todos_medicines (title) VALUES ('Zaldiar');
INSERT INTO todos_medicines (title) VALUES ('Zantac');
INSERT INTO todos_medicines (title) VALUES ('Zedex');
INSERT INTO todos_medicines (title) VALUES ('Zeldox');
INSERT INTO todos_medicines (title) VALUES ('Zeptol');
INSERT INTO todos_medicines (title) VALUES ('Zerit');
INSERT INTO todos_medicines (title) VALUES ('Zerocid');
INSERT INTO todos_medicines (title) VALUES ('Zetamax Retard');
INSERT INTO todos_medicines (title) VALUES ('Zetrinal');
INSERT INTO todos_medicines (title) VALUES ('Zeffix');
INSERT INTO todos_medicines (title) VALUES ('Zi-Factor');
INSERT INTO todos_medicines (title) VALUES ('Ziagen');
INSERT INTO todos_medicines (title) VALUES ('Zyvox');
INSERT INTO todos_medicines (title) VALUES ('I.G. Vena N.I.V.');
INSERT INTO todos_medicines (title) VALUES ('Ibuclin');
INSERT INTO todos_medicines (title) VALUES ('Ibuprofen');
INSERT INTO todos_medicines (title) VALUES ('Ibuprofen-Hemofarm');
INSERT INTO todos_medicines (title) VALUES ('Ibufen');
INSERT INTO todos_medicines (title) VALUES ('Ideos');
INSERT INTO todos_medicines (title) VALUES ('Isoket');
INSERT INTO todos_medicines (title) VALUES ('Isocomb');
INSERT INTO todos_medicines (title) VALUES ('Isoniazid');
INSERT INTO todos_medicines (title) VALUES ('Isoptin');
INSERT INTO todos_medicines (title) VALUES ('Isoptin SR 240');
INSERT INTO todos_medicines (title) VALUES ('Isofra');
INSERT INTO todos_medicines (title) VALUES ('Ixel');
INSERT INTO todos_medicines (title) VALUES ('Imigran');
INSERT INTO todos_medicines (title) VALUES ('Immunal');
INSERT INTO todos_medicines (title) VALUES ('Immunorm');
INSERT INTO todos_medicines (title) VALUES ('Jodbalance');
INSERT INTO todos_medicines (title) VALUES ('Iodoxyd');
INSERT INTO todos_medicines (title) VALUES ('Iodomarin');
INSERT INTO todos_medicines (title) VALUES ('Jodthyrox');
INSERT INTO todos_medicines (title) VALUES ('Ionosteril');
INSERT INTO todos_medicines (title) VALUES ('Kabiven Peripheral');
INSERT INTO todos_medicines (title) VALUES ('Kabiven');
INSERT INTO todos_medicines (title) VALUES ('Caverject');
INSERT INTO todos_medicines (title) VALUES ('Cavinton');
INSERT INTO todos_medicines (title) VALUES ('Cavinton Forte');
INSERT INTO todos_medicines (title) VALUES ('Kagocel');
INSERT INTO todos_medicines (title) VALUES ('Calgel');
INSERT INTO todos_medicines (title) VALUES ('Kaletra');
INSERT INTO todos_medicines (title) VALUES ('Kalymin 60 N');
INSERT INTO todos_medicines (title) VALUES ('Potassium-Magnesium Asparaginate Berlin-Chemie');
INSERT INTO todos_medicines (title) VALUES ('Potassium Iodide');
INSERT INTO todos_medicines (title) VALUES ('Calpol');
INSERT INTO todos_medicines (title) VALUES ('Calumid');
INSERT INTO todos_medicines (title) VALUES ('Calchek');
INSERT INTO todos_medicines (title) VALUES ('Calcemin');
INSERT INTO todos_medicines (title) VALUES ('Calcemin Advance');
INSERT INTO todos_medicines (title) VALUES ('Calcigard Retard');
INSERT INTO todos_medicines (title) VALUES ('Calcium + Vitamin D3 Vitrum');
INSERT INTO todos_medicines (title) VALUES ('Calcium-D3 Nycomed');
INSERT INTO todos_medicines (title) VALUES ('Calcium-D3 Nycomed Forte');
INSERT INTO todos_medicines (title) VALUES ('Calcium-Sandoz Forte');
INSERT INTO todos_medicines (title) VALUES ('Lavasept');
INSERT INTO todos_medicines (title) VALUES ('Lavomax');
INSERT INTO todos_medicines (title) VALUES ('Lasix');
INSERT INTO todos_medicines (title) VALUES ('Lasolvan');
INSERT INTO todos_medicines (title) VALUES ('Lykocin');
INSERT INTO todos_medicines (title) VALUES ('Lacrisifi');
INSERT INTO todos_medicines (title) VALUES ('Lamisil');
INSERT INTO todos_medicines (title) VALUES ('Lamisil Dermgel');
INSERT INTO todos_medicines (title) VALUES ('Lamican');
INSERT INTO todos_medicines (title) VALUES ('Lamictal');
INSERT INTO todos_medicines (title) VALUES ('Lamitor');
INSERT INTO todos_medicines (title) VALUES ('Lamolep');
INSERT INTO todos_medicines (title) VALUES ('Lanzap');
INSERT INTO todos_medicines (title) VALUES ('Lantus');
INSERT INTO todos_medicines (title) VALUES ('Laticort');
INSERT INTO todos_medicines (title) VALUES ('Lacipil');
INSERT INTO todos_medicines (title) VALUES ('Levemir Flexpen');
INSERT INTO todos_medicines (title) VALUES ('Levitra');
INSERT INTO todos_medicines (title) VALUES ('Levomecol');
INSERT INTO todos_medicines (title) VALUES ('M-M-R II');
INSERT INTO todos_medicines (title) VALUES ('Maalox');
INSERT INTO todos_medicines (title) VALUES ('Maalucol');
INSERT INTO todos_medicines (title) VALUES ('Maverex');
INSERT INTO todos_medicines (title) VALUES ('Magne C6');
INSERT INTO todos_medicines (title) VALUES ('Magnevist');
INSERT INTO todos_medicines (title) VALUES ('Magnerot');
INSERT INTO todos_medicines (title) VALUES ('Majeptil');
INSERT INTO todos_medicines (title) VALUES ('Myfortic');
INSERT INTO todos_medicines (title) VALUES ('Macmiror');
INSERT INTO todos_medicines (title) VALUES ('Macmiror Complex');
INSERT INTO todos_medicines (title) VALUES ('Macropen');
INSERT INTO todos_medicines (title) VALUES ('Maxicold');
INSERT INTO todos_medicines (title) VALUES ('Maxipime');
INSERT INTO todos_medicines (title) VALUES ('Mamomit');
INSERT INTO todos_medicines (title) VALUES ('Mandol');
INSERT INTO todos_medicines (title) VALUES ('Maninil');
INSERT INTO todos_medicines (title) VALUES ('Maraslavin');
INSERT INTO todos_medicines (title) VALUES ('Mastodynon');
INSERT INTO todos_medicines (title) VALUES ('Materna');
INSERT INTO todos_medicines (title) VALUES ('N-AC-Ratiopharm');
INSERT INTO todos_medicines (title) VALUES ('Navelbine');
INSERT INTO todos_medicines (title) VALUES ('Navoban');
INSERT INTO todos_medicines (title) VALUES ('Nasivin');
INSERT INTO todos_medicines (title) VALUES ('Nazol');
INSERT INTO todos_medicines (title) VALUES ('Nazol Baby');
INSERT INTO todos_medicines (title) VALUES ('Nazol Kids');
INSERT INTO todos_medicines (title) VALUES ('Nasonex');
INSERT INTO todos_medicines (title) VALUES ('Nise');
INSERT INTO todos_medicines (title) VALUES ('Naclof');
INSERT INTO todos_medicines (title) VALUES ('Nakom');
INSERT INTO todos_medicines (title) VALUES ('Naxogin');
INSERT INTO todos_medicines (title) VALUES ('Nalgesin');
INSERT INTO todos_medicines (title) VALUES ('Naloxon');
INSERT INTO todos_medicines (title) VALUES ('Naniprus');
INSERT INTO todos_medicines (title) VALUES ('Naproxen-Akri');
INSERT INTO todos_medicines (title) VALUES ('Naramig');
INSERT INTO todos_medicines (title) VALUES ('Naropin');
INSERT INTO todos_medicines (title) VALUES ('Natalsidum');
INSERT INTO todos_medicines (title) VALUES ('Natecal D3');
INSERT INTO todos_medicines (title) VALUES ('Ovitrelle');
INSERT INTO todos_medicines (title) VALUES ('Odeston');
INSERT INTO todos_medicines (title) VALUES ('Okacin');
INSERT INTO todos_medicines (title) VALUES ('Oki');
INSERT INTO todos_medicines (title) VALUES ('Oxadol');
INSERT INTO todos_medicines (title) VALUES ('Oxycort');
INSERT INTO todos_medicines (title) VALUES ('Oxis Turbuhaler');
INSERT INTO todos_medicines (title) VALUES ('Oxytocin');
INSERT INTO todos_medicines (title) VALUES ('Oxolin');
INSERT INTO todos_medicines (title) VALUES ('Oxsoralen');
INSERT INTO todos_medicines (title) VALUES ('Octagam');
INSERT INTO todos_medicines (title) VALUES ('Octanine F Filtered');
INSERT INTO todos_medicines (title) VALUES ('Octanate');
INSERT INTO todos_medicines (title) VALUES ('Octilia');
INSERT INTO todos_medicines (title) VALUES ('Ocumed');
INSERT INTO todos_medicines (title) VALUES ('Ocupres-E');
INSERT INTO todos_medicines (title) VALUES ('Olicard Retard');
INSERT INTO todos_medicines (title) VALUES ('Omacor');
INSERT INTO todos_medicines (title) VALUES ('Omaron');
INSERT INTO todos_medicines (title) VALUES ('Omez');
INSERT INTO todos_medicines (title) VALUES ('Paclitaxel-Lans');
INSERT INTO todos_medicines (title) VALUES ('Paclitaxel-Ebewe');
INSERT INTO todos_medicines (title) VALUES ('Paxil');
INSERT INTO todos_medicines (title) VALUES ('Palin');
INSERT INTO todos_medicines (title) VALUES ('Panangin');
INSERT INTO todos_medicines (title) VALUES ('Panzynorm Forte-N');
INSERT INTO todos_medicines (title) VALUES ('Panklav');
INSERT INTO todos_medicines (title) VALUES ('Pankreoflat');
INSERT INTO todos_medicines (title) VALUES ('Pansoral');
INSERT INTO todos_medicines (title) VALUES ('Pansoral Teething');
INSERT INTO todos_medicines (title) VALUES ('Panthenol-Ratiopharm');
INSERT INTO todos_medicines (title) VALUES ('Pantogam');
INSERT INTO todos_medicines (title) VALUES ('Panthoderm');
INSERT INTO todos_medicines (title) VALUES ('Pantocalcin');
INSERT INTO todos_medicines (title) VALUES ('Papaverine Hydrochloride');
INSERT INTO todos_medicines (title) VALUES ('Para Plus');
INSERT INTO todos_medicines (title) VALUES ('Paracetamol-C-Hemofarm');
INSERT INTO todos_medicines (title) VALUES ('Paracetamol-Hemofarm');
INSERT INTO todos_medicines (title) VALUES ('Rawel SR');
INSERT INTO todos_medicines (title) VALUES ('Radedorm 5');
INSERT INTO todos_medicines (title) VALUES ('Ranisan');
INSERT INTO todos_medicines (title) VALUES ('Ranitidin');
INSERT INTO todos_medicines (title) VALUES ('Ranitidine-Akri');
INSERT INTO todos_medicines (title) VALUES ('Rantac');
INSERT INTO todos_medicines (title) VALUES ('Rapiclav');
INSERT INTO todos_medicines (title) VALUES ('Rapten Rapid');
INSERT INTO todos_medicines (title) VALUES ('Doktor Mom Rub On Solution');
INSERT INTO todos_medicines (title) VALUES ('Rastocin');
INSERT INTO todos_medicines (title) VALUES ('Reamberin');
INSERT INTO todos_medicines (title) VALUES ('Reyataz');
INSERT INTO todos_medicines (title) VALUES ('Rebetol');
INSERT INTO todos_medicines (title) VALUES ('Rebif');
INSERT INTO todos_medicines (title) VALUES ('Revalgin');
INSERT INTO todos_medicines (title) VALUES ('Regaine');
INSERT INTO todos_medicines (title) VALUES ('Rehydron');
INSERT INTO todos_medicines (title) VALUES ('Regulon');
INSERT INTO todos_medicines (title) VALUES ('Recofol');
INSERT INTO todos_medicines (title) VALUES ('Sab Simplex');
INSERT INTO todos_medicines (title) VALUES ('Sagenit');
INSERT INTO todos_medicines (title) VALUES ('Saizen');
INSERT INTO todos_medicines (title) VALUES ('Samezil');
INSERT INTO todos_medicines (title) VALUES ('Sana-Sol');
INSERT INTO todos_medicines (title) VALUES ('Sanason Lek');
INSERT INTO todos_medicines (title) VALUES ('Sanval');
INSERT INTO todos_medicines (title) VALUES ('Sandimmun Neoral');
INSERT INTO todos_medicines (title) VALUES ('Sandostatin Lar');
INSERT INTO todos_medicines (title) VALUES ('Sunpraz');
INSERT INTO todos_medicines (title) VALUES ('Saridon');
INSERT INTO todos_medicines (title) VALUES ('Sevoran');
INSERT INTO todos_medicines (title) VALUES ('Sehydrin');
INSERT INTO todos_medicines (title) VALUES ('Sedal-M');
INSERT INTO todos_medicines (title) VALUES ('Sedalgin-Neo');
INSERT INTO todos_medicines (title) VALUES ('Seduxen');
INSERT INTO todos_medicines (title) VALUES ('Selemycin');
INSERT INTO todos_medicines (title) VALUES ('Selmevit');
INSERT INTO todos_medicines (title) VALUES ('Serdol');
INSERT INTO todos_medicines (title) VALUES ('Serdolect');
INSERT INTO todos_medicines (title) VALUES ('Tabex');
INSERT INTO todos_medicines (title) VALUES ('Tavanic');
INSERT INTO todos_medicines (title) VALUES ('Tavegyl');
INSERT INTO todos_medicines (title) VALUES ('Tadenan');
INSERT INTO todos_medicines (title) VALUES ('Tazepam');
INSERT INTO todos_medicines (title) VALUES ('Tilade Mint');
INSERT INTO todos_medicines (title) VALUES ('Taxol');
INSERT INTO todos_medicines (title) VALUES ('Taxotere');
INSERT INTO todos_medicines (title) VALUES ('Talliton');
INSERT INTO todos_medicines (title) VALUES ('Talcef');
INSERT INTO todos_medicines (title) VALUES ('Talcid');
INSERT INTO todos_medicines (title) VALUES ('Tamoxifen');
INSERT INTO todos_medicines (title) VALUES ('Tamoxifen-Ebewe');
INSERT INTO todos_medicines (title) VALUES ('Tanakan');
INSERT INTO todos_medicines (title) VALUES ('Tantum Verde');
INSERT INTO todos_medicines (title) VALUES ('Tantum Rose');
INSERT INTO todos_medicines (title) VALUES ('Tardyferon');
INSERT INTO todos_medicines (title) VALUES ('Tarivid');
INSERT INTO todos_medicines (title) VALUES ('Ultop');
INSERT INTO todos_medicines (title) VALUES ('Ultravist');
INSERT INTO todos_medicines (title) VALUES ('Ultracain D-S');
INSERT INTO todos_medicines (title) VALUES ('Ultracain D-S Forte');
INSERT INTO todos_medicines (title) VALUES ('Ultraproct');
INSERT INTO todos_medicines (title) VALUES ('Uman Albumin');
INSERT INTO todos_medicines (title) VALUES ('Uman Complex D.I.');
INSERT INTO todos_medicines (title) VALUES ('Uregyt');
INSERT INTO todos_medicines (title) VALUES ('Uro-Vaxom');
INSERT INTO todos_medicines (title) VALUES ('Urographin');
INSERT INTO todos_medicines (title) VALUES ('Ursosan');
INSERT INTO todos_medicines (title) VALUES ('Utrogestan');
INSERT INTO todos_medicines (title) VALUES ('Faslodex');
INSERT INTO todos_medicines (title) VALUES ('Factiv');
INSERT INTO todos_medicines (title) VALUES ('Falimint');
INSERT INTO todos_medicines (title) VALUES ('Famvir');
INSERT INTO todos_medicines (title) VALUES ('Famosan');
INSERT INTO todos_medicines (title) VALUES ('Famotidin');
INSERT INTO todos_medicines (title) VALUES ('Famotidine');
INSERT INTO todos_medicines (title) VALUES ('Famotidine-Akri');
INSERT INTO todos_medicines (title) VALUES ('Famulan');
INSERT INTO todos_medicines (title) VALUES ('Fareston');
INSERT INTO todos_medicines (title) VALUES ('Faringosept');
INSERT INTO todos_medicines (title) VALUES ('Pharmatex');
INSERT INTO todos_medicines (title) VALUES ('Farmorubicin Rapid Dissolution');
INSERT INTO todos_medicines (title) VALUES ('Fastum');
INSERT INTO todos_medicines (title) VALUES ('Febrofid');
INSERT INTO todos_medicines (title) VALUES ('Fevarin');
INSERT INTO todos_medicines (title) VALUES ('Phezam');
INSERT INTO todos_medicines (title) VALUES ('Femara');
INSERT INTO todos_medicines (title) VALUES ('Femoden');
INSERT INTO todos_medicines (title) VALUES ('Femoston');
INSERT INTO todos_medicines (title) VALUES ('Havrix');
INSERT INTO todos_medicines (title) VALUES ('Haes-Steril');
INSERT INTO todos_medicines (title) VALUES ('Highmix');
INSERT INTO todos_medicines (title) VALUES ('Halixol');
INSERT INTO todos_medicines (title) VALUES ('Hartil');
INSERT INTO todos_medicines (title) VALUES ('Helex');
INSERT INTO todos_medicines (title) VALUES ('Hemomycin');
INSERT INTO todos_medicines (title) VALUES ('Hiberix');
INSERT INTO todos_medicines (title) VALUES ('Hylak Forte');
INSERT INTO todos_medicines (title) VALUES ('Hylo-Comod');
INSERT INTO todos_medicines (title) VALUES ('Hylozar-comod');
INSERT INTO todos_medicines (title) VALUES ('Chlorprothixen');
INSERT INTO todos_medicines (title) VALUES ('Holetar');
INSERT INTO todos_medicines (title) VALUES ('Cholisal');
INSERT INTO todos_medicines (title) VALUES ('Chondroxide');
INSERT INTO todos_medicines (title) VALUES ('Chophytol');
INSERT INTO todos_medicines (title) VALUES ('Humalog');
INSERT INTO todos_medicines (title) VALUES ('Humalog Mix 25');
INSERT INTO todos_medicines (title) VALUES ('Humatrope');
INSERT INTO todos_medicines (title) VALUES ('Humulin M3');
INSERT INTO todos_medicines (title) VALUES ('Ceclor');
INSERT INTO todos_medicines (title) VALUES ('Celascon Vitamin V');
INSERT INTO todos_medicines (title) VALUES ('Centrum');
INSERT INTO todos_medicines (title) VALUES ('Centrum Junior');
INSERT INTO todos_medicines (title) VALUES ('Centrum Silver');
INSERT INTO todos_medicines (title) VALUES ('Cerebrolysin');
INSERT INTO todos_medicines (title) VALUES ('Cerepro');
INSERT INTO todos_medicines (title) VALUES ('Cernilton');
INSERT INTO todos_medicines (title) VALUES ('Cerucal');
INSERT INTO todos_medicines (title) VALUES ('Cetirizine Hexal');
INSERT INTO todos_medicines (title) VALUES ('Cetirinax');
INSERT INTO todos_medicines (title) VALUES ('Cetrine');
INSERT INTO todos_medicines (title) VALUES ('Cefazolin');
INSERT INTO todos_medicines (title) VALUES ('Cefecon D');
INSERT INTO todos_medicines (title) VALUES ('Cefecon N');
INSERT INTO todos_medicines (title) VALUES ('Cefobid');
INSERT INTO todos_medicines (title) VALUES ('Cefotaxime');
INSERT INTO todos_medicines (title) VALUES ('Eucabal');
INSERT INTO todos_medicines (title) VALUES ('Eucabal S');
INSERT INTO todos_medicines (title) VALUES ('Egilok');
INSERT INTO todos_medicines (title) VALUES ('Egilok Retard');
INSERT INTO todos_medicines (title) VALUES ('Eglek');
INSERT INTO todos_medicines (title) VALUES ('Eglonil');
INSERT INTO todos_medicines (title) VALUES ('Edicin');
INSERT INTO todos_medicines (title) VALUES ('Ednyt');
INSERT INTO todos_medicines (title) VALUES ('Ezetrol');
INSERT INTO todos_medicines (title) VALUES ('Exifine');
INSERT INTO todos_medicines (title) VALUES ('Exoderil');
INSERT INTO todos_medicines (title) VALUES ('Ecodax');
INSERT INTO todos_medicines (title) VALUES ('Exelon');
INSERT INTO todos_medicines (title) VALUES ('Extencilline');
INSERT INTO todos_medicines (title) VALUES ('Elenium');
INSERT INTO todos_medicines (title) VALUES ('Elidel');
INSERT INTO todos_medicines (title) VALUES ('Elocom');
INSERT INTO todos_medicines (title) VALUES ('Elocom-S');
INSERT INTO todos_medicines (title) VALUES ('Eloxatine');
INSERT INTO todos_medicines (title) VALUES ('Unidox Solutab');
INSERT INTO todos_medicines (title) VALUES ('Unikpef');
INSERT INTO todos_medicines (title) VALUES ('Unienzyme C MPS');
INSERT INTO todos_medicines (title) VALUES ('Yarina');
INSERT INTO todos_medicines (title) VALUES ('5-NOK');
INSERT INTO todos_medicines (title) VALUES ('5-Fluorouracil-Fbewe');
INSERT INTO todos_medicines (title) VALUES ('H-V-Vax II');
INSERT INTO todos_medicines (title) VALUES ('L-Thyroxin Berlin-Chemie');
INSERT INTO todos_medicines (title) VALUES ('L-Thyroxin-Akri');
